{
  "experiment_name": "bilstm_weighted_lemmatized",
  "accuracy": 0.8093605003026024,
  "macro_precision": 0.6538088393264164,
  "macro_recall": 0.7836759923981473,
  "macro_f1": 0.6837353464970072,
  "weighted_f1": 0.8355173647956673,
  "misclassified_samples": 945,
  "epochs_trained": 5,
  "training_time_seconds": 20.2118814150017,
  "trainable_parameters": 2663043,
  "non_trainable_parameters": 0
}