{
  "experiment_name": "lstm_class_weights_stemmed",
  "accuracy": 0.7851523098648376,
  "macro_precision": 0.6477033324958542,
  "macro_recall": 0.7550819596834458,
  "macro_f1": 0.6621009908712924,
  "weighted_f1": 0.8182957606594855,
  "misclassified_samples": 1065,
  "epochs_trained": 6,
  "training_time_seconds": 20.909515846999057,
  "trainable_parameters": 2611587,
  "non_trainable_parameters": 0
}