{
  "experiment_name": "simple_rnn_class_weights",
  "accuracy": 0.7994754892071818,
  "macro_precision": 0.6403615280641478,
  "macro_recall": 0.7373076066592036,
  "macro_f1": 0.6584352128610097,
  "weighted_f1": 0.8287718579940297,
  "misclassified_samples": 994,
  "epochs_trained": 5,
  "training_time_seconds": 31.347653992999767,
  "trainable_parameters": 2574531,
  "non_trainable_parameters": 0
}