{
  "accuracy": 0.9970954060554504,
  "test_loss": 0.00855138711631298,
  "macro_precision": 0.9955482505530362,
  "macro_recall": 0.9949572141006403,
  "macro_f1": 0.995251893740179,
  "weighted_f1": 0.9970934686126965,
  "misclassified_samples": 7,
  "experiment_name": "baseline_cnn",
  "epochs_trained": 15,
  "training_time_seconds": 151.32250507000026,
  "trainable_parameters": 8523589,
  "non_trainable_parameters": 0,
  "optimizer": "Adam",
  "learning_rate": 0.0010000000474974513,
  "model_path": "/home/wizard/Projects/school/AI/submissions/submission_v2/outputs/models/vision/baseline_cnn.keras"
}
