accuracy,test_loss,macro_precision,macro_recall,macro_f1,weighted_f1,misclassified_samples,experiment_name,epochs_trained,training_time_seconds,trainable_parameters,non_trainable_parameters,optimizer,learning_rate,model_path
0.9970954060554504,0.00855138711631298,0.9955482505530362,0.9949572141006403,0.995251893740179,0.9970934686126965,7,baseline_cnn,15,151.32250507000026,8523589,0,Adam,0.0010000000474974513,/home/wizard/Projects/school/AI/submissions/submission_v2/outputs/models/vision/baseline_cnn.keras
0.996680498123169,0.012843345291912556,0.9947393481941308,0.9957381939417868,0.9951998328030222,0.9966823223481667,8,baseline_cnn_augmentation,14,145.21544968699982,8523589,0,Adam,0.0010000000474974513,/home/wizard/Projects/school/AI/submissions/submission_v2/outputs/models/vision/baseline_cnn_augmentation.keras
0.9946057796478271,0.027362994849681854,0.9931416554236815,0.992055296096735,0.9925827970076652,0.9946040339400939,13,baseline_cnn_class_weights,9,89.46807197199996,8523589,0,Adam,0.0010000000474974513,/home/wizard/Projects/school/AI/submissions/submission_v2/outputs/models/vision/baseline_cnn_class_weights.keras
