{
  "accuracy": 0.9809128642082214,
  "test_loss": 0.0515471026301384,
  "macro_precision": 0.9661658880635855,
  "macro_recall": 0.9655722365284118,
  "macro_f1": 0.965852139016808,
  "weighted_f1": 0.9808981957149348,
  "misclassified_samples": 46,
  "experiment_name": "deeper_cnn_augmentation_batchnorm_dropout",
  "epochs_trained": 15,
  "training_time_seconds": 556.5304172359993,
  "trainable_parameters": 8718245,
  "non_trainable_parameters": 896,
  "optimizer": "Adam",
  "learning_rate": 0.0010000000474974513,
  "model_path": "/home/wizard/Projects/school/AI/submissions/submission_v2/outputs/models/vision/deeper_cnn_augmentation_batchnorm_dropout.keras"
}