,precision,recall,f1-score,support
Cautions,0.9094488188976378,0.9203187250996016,0.9148514851485149,251.0
Crossings,0.9256505576208178,0.9120879120879121,0.9188191881918819,273.0
Direction,1.0,1.0,1.0,444.0
No Entry,0.9977220956719818,0.9954545454545455,0.9965870307167235,440.0
SpeedLimit,0.99800796812749,1.0,0.9990029910269193,1002.0
accuracy,0.9809128630705394,0.9809128630705394,0.9809128630705394,0.9809128630705394
macro avg,0.9661658880635855,0.9655722365284118,0.965852139016808,2410.0
weighted avg,0.9809028887689658,0.9809128630705394,0.9808981957149348,2410.0
